image_path,clinical_text,reference_text,split,Enlarged Cardiomediastinum,Cardiomegaly,Lung Opacity,Lung Lesion,Edema,Consolidation,Pneumonia,Atelectasis,Pneumothorax,Pleural Effusion,Pleural Other,Fracture,Support Devices,No Finding
C:\Users\sathi\Downloads\medvision-clinical-ai\medvision-clinical-ai\data\demo\images\demo_0000.png,Synthetic educational example. No real patient data.,"Synthetic reference: Pleural Effusion, Cardiomegaly",train,0,1,0,0,0,0,0,0,0,1,0,0,0,0
C:\Users\sathi\Downloads\medvision-clinical-ai\medvision-clinical-ai\data\demo\images\demo_0001.png,Synthetic educational example. No real patient data.,Synthetic reference: No Finding,train,0,0,0,0,0,0,0,0,0,0,0,0,0,1
C:\Users\sathi\Downloads\medvision-clinical-ai\medvision-clinical-ai\data\demo\images\demo_0002.png,Synthetic educational example. No real patient data.,Synthetic reference: No Finding,train,0,0,0,0,0,0,0,0,0,0,0,0,0,1
C:\Users\sathi\Downloads\medvision-clinical-ai\medvision-clinical-ai\data\demo\images\demo_0003.png,Synthetic educational example. No real patient data.,Synthetic reference: Pleural Effusion,train,0,0,0,0,0,0,0,0,0,1,0,0,0,0
C:\Users\sathi\Downloads\medvision-clinical-ai\medvision-clinical-ai\data\demo\images\demo_0004.png,Synthetic educational example. No real patient data.,Synthetic reference: No Finding,train,0,0,0,0,0,0,0,0,0,0,0,0,0,1
C:\Users\sathi\Downloads\medvision-clinical-ai\medvision-clinical-ai\data\demo\images\demo_0005.png,Synthetic educational example. No real patient data.,Synthetic reference: Cardiomegaly,train,0,1,0,0,0,0,0,0,0,0,0,0,0,0
C:\Users\sathi\Downloads\medvision-clinical-ai\medvision-clinical-ai\data\demo\images\demo_0006.png,Synthetic educational example. No real patient data.,Synthetic reference: Pleural Effusion,train,0,0,0,0,0,0,0,0,0,1,0,0,0,0
C:\Users\sathi\Downloads\medvision-clinical-ai\medvision-clinical-ai\data\demo\images\demo_0007.png,Synthetic educational example. No real patient data.,Synthetic reference: No Finding,train,0,0,0,0,0,0,0,0,0,0,0,0,0,1
C:\Users\sathi\Downloads\medvision-clinical-ai\medvision-clinical-ai\data\demo\images\demo_0008.png,Synthetic educational example. No real patient data.,Synthetic reference: No Finding,train,0,0,0,0,0,0,0,0,0,0,0,0,0,1
C:\Users\sathi\Downloads\medvision-clinical-ai\medvision-clinical-ai\data\demo\images\demo_0009.png,Synthetic educational example. No real patient data.,Synthetic reference: Pleural Effusion,train,0,0,0,0,0,0,0,0,0,1,0,0,0,0
C:\Users\sathi\Downloads\medvision-clinical-ai\medvision-clinical-ai\data\demo\images\demo_0010.png,Synthetic educational example. No real patient data.,Synthetic reference: Cardiomegaly,train,0,1,0,0,0,0,0,0,0,0,0,0,0,0
C:\Users\sathi\Downloads\medvision-clinical-ai\medvision-clinical-ai\data\demo\images\demo_0011.png,Synthetic educational example. No real patient data.,Synthetic reference: No Finding,train,0,0,0,0,0,0,0,0,0,0,0,0,0,1
C:\Users\sathi\Downloads\medvision-clinical-ai\medvision-clinical-ai\data\demo\images\demo_0012.png,Synthetic educational example. No real patient data.,Synthetic reference: Pleural Effusion,train,0,0,0,0,0,0,0,0,0,1,0,0,0,0
C:\Users\sathi\Downloads\medvision-clinical-ai\medvision-clinical-ai\data\demo\images\demo_0013.png,Synthetic educational example. No real patient data.,Synthetic reference: No Finding,train,0,0,0,0,0,0,0,0,0,0,0,0,0,1
C:\Users\sathi\Downloads\medvision-clinical-ai\medvision-clinical-ai\data\demo\images\demo_0014.png,Synthetic educational example. No real patient data.,Synthetic reference: No Finding,train,0,0,0,0,0,0,0,0,0,0,0,0,0,1
C:\Users\sathi\Downloads\medvision-clinical-ai\medvision-clinical-ai\data\demo\images\demo_0015.png,Synthetic educational example. No real patient data.,"Synthetic reference: Pleural Effusion, Cardiomegaly",train,0,1,0,0,0,0,0,0,0,1,0,0,0,0
C:\Users\sathi\Downloads\medvision-clinical-ai\medvision-clinical-ai\data\demo\images\demo_0016.png,Synthetic educational example. No real patient data.,Synthetic reference: No Finding,train,0,0,0,0,0,0,0,0,0,0,0,0,0,1
C:\Users\sathi\Downloads\medvision-clinical-ai\medvision-clinical-ai\data\demo\images\demo_0017.png,Synthetic educational example. No real patient data.,Synthetic reference: No Finding,train,0,0,0,0,0,0,0,0,0,0,0,0,0,1
C:\Users\sathi\Downloads\medvision-clinical-ai\medvision-clinical-ai\data\demo\images\demo_0018.png,Synthetic educational example. No real patient data.,Synthetic reference: Pleural Effusion,train,0,0,0,0,0,0,0,0,0,1,0,0,0,0
C:\Users\sathi\Downloads\medvision-clinical-ai\medvision-clinical-ai\data\demo\images\demo_0019.png,Synthetic educational example. No real patient data.,Synthetic reference: No Finding,train,0,0,0,0,0,0,0,0,0,0,0,0,0,1
C:\Users\sathi\Downloads\medvision-clinical-ai\medvision-clinical-ai\data\demo\images\demo_0020.png,Synthetic educational example. No real patient data.,Synthetic reference: Cardiomegaly,train,0,1,0,0,0,0,0,0,0,0,0,0,0,0
C:\Users\sathi\Downloads\medvision-clinical-ai\medvision-clinical-ai\data\demo\images\demo_0021.png,Synthetic educational example. No real patient data.,Synthetic reference: Pleural Effusion,train,0,0,0,0,0,0,0,0,0,1,0,0,0,0
C:\Users\sathi\Downloads\medvision-clinical-ai\medvision-clinical-ai\data\demo\images\demo_0022.png,Synthetic educational example. No real patient data.,Synthetic reference: No Finding,train,0,0,0,0,0,0,0,0,0,0,0,0,0,1
C:\Users\sathi\Downloads\medvision-clinical-ai\medvision-clinical-ai\data\demo\images\demo_0023.png,Synthetic educational example. No real patient data.,Synthetic reference: No Finding,train,0,0,0,0,0,0,0,0,0,0,0,0,0,1
C:\Users\sathi\Downloads\medvision-clinical-ai\medvision-clinical-ai\data\demo\images\demo_0024.png,Synthetic educational example. No real patient data.,Synthetic reference: Pleural Effusion,train,0,0,0,0,0,0,0,0,0,1,0,0,0,0
C:\Users\sathi\Downloads\medvision-clinical-ai\medvision-clinical-ai\data\demo\images\demo_0025.png,Synthetic educational example. No real patient data.,Synthetic reference: Cardiomegaly,train,0,1,0,0,0,0,0,0,0,0,0,0,0,0
C:\Users\sathi\Downloads\medvision-clinical-ai\medvision-clinical-ai\data\demo\images\demo_0026.png,Synthetic educational example. No real patient data.,Synthetic reference: No Finding,train,0,0,0,0,0,0,0,0,0,0,0,0,0,1
C:\Users\sathi\Downloads\medvision-clinical-ai\medvision-clinical-ai\data\demo\images\demo_0027.png,Synthetic educational example. No real patient data.,Synthetic reference: Pleural Effusion,train,0,0,0,0,0,0,0,0,0,1,0,0,0,0
C:\Users\sathi\Downloads\medvision-clinical-ai\medvision-clinical-ai\data\demo\images\demo_0028.png,Synthetic educational example. No real patient data.,Synthetic reference: No Finding,train,0,0,0,0,0,0,0,0,0,0,0,0,0,1
C:\Users\sathi\Downloads\medvision-clinical-ai\medvision-clinical-ai\data\demo\images\demo_0029.png,Synthetic educational example. No real patient data.,Synthetic reference: No Finding,train,0,0,0,0,0,0,0,0,0,0,0,0,0,1
C:\Users\sathi\Downloads\medvision-clinical-ai\medvision-clinical-ai\data\demo\images\demo_0030.png,Synthetic educational example. No real patient data.,"Synthetic reference: Pleural Effusion, Cardiomegaly",train,0,1,0,0,0,0,0,0,0,1,0,0,0,0
C:\Users\sathi\Downloads\medvision-clinical-ai\medvision-clinical-ai\data\demo\images\demo_0031.png,Synthetic educational example. No real patient data.,Synthetic reference: No Finding,train,0,0,0,0,0,0,0,0,0,0,0,0,0,1
C:\Users\sathi\Downloads\medvision-clinical-ai\medvision-clinical-ai\data\demo\images\demo_0032.png,Synthetic educational example. No real patient data.,Synthetic reference: No Finding,train,0,0,0,0,0,0,0,0,0,0,0,0,0,1
C:\Users\sathi\Downloads\medvision-clinical-ai\medvision-clinical-ai\data\demo\images\demo_0033.png,Synthetic educational example. No real patient data.,Synthetic reference: Pleural Effusion,train,0,0,0,0,0,0,0,0,0,1,0,0,0,0
C:\Users\sathi\Downloads\medvision-clinical-ai\medvision-clinical-ai\data\demo\images\demo_0034.png,Synthetic educational example. No real patient data.,Synthetic reference: No Finding,train,0,0,0,0,0,0,0,0,0,0,0,0,0,1
C:\Users\sathi\Downloads\medvision-clinical-ai\medvision-clinical-ai\data\demo\images\demo_0035.png,Synthetic educational example. No real patient data.,Synthetic reference: Cardiomegaly,train,0,1,0,0,0,0,0,0,0,0,0,0,0,0
C:\Users\sathi\Downloads\medvision-clinical-ai\medvision-clinical-ai\data\demo\images\demo_0036.png,Synthetic educational example. No real patient data.,Synthetic reference: Pleural Effusion,train,0,0,0,0,0,0,0,0,0,1,0,0,0,0
C:\Users\sathi\Downloads\medvision-clinical-ai\medvision-clinical-ai\data\demo\images\demo_0037.png,Synthetic educational example. No real patient data.,Synthetic reference: No Finding,train,0,0,0,0,0,0,0,0,0,0,0,0,0,1
C:\Users\sathi\Downloads\medvision-clinical-ai\medvision-clinical-ai\data\demo\images\demo_0038.png,Synthetic educational example. No real patient data.,Synthetic reference: No Finding,train,0,0,0,0,0,0,0,0,0,0,0,0,0,1
C:\Users\sathi\Downloads\medvision-clinical-ai\medvision-clinical-ai\data\demo\images\demo_0039.png,Synthetic educational example. No real patient data.,Synthetic reference: Pleural Effusion,train,0,0,0,0,0,0,0,0,0,1,0,0,0,0
C:\Users\sathi\Downloads\medvision-clinical-ai\medvision-clinical-ai\data\demo\images\demo_0040.png,Synthetic educational example. No real patient data.,Synthetic reference: Cardiomegaly,train,0,1,0,0,0,0,0,0,0,0,0,0,0,0
C:\Users\sathi\Downloads\medvision-clinical-ai\medvision-clinical-ai\data\demo\images\demo_0041.png,Synthetic educational example. No real patient data.,Synthetic reference: No Finding,train,0,0,0,0,0,0,0,0,0,0,0,0,0,1
C:\Users\sathi\Downloads\medvision-clinical-ai\medvision-clinical-ai\data\demo\images\demo_0042.png,Synthetic educational example. No real patient data.,Synthetic reference: Pleural Effusion,train,0,0,0,0,0,0,0,0,0,1,0,0,0,0
C:\Users\sathi\Downloads\medvision-clinical-ai\medvision-clinical-ai\data\demo\images\demo_0043.png,Synthetic educational example. No real patient data.,Synthetic reference: No Finding,train,0,0,0,0,0,0,0,0,0,0,0,0,0,1
C:\Users\sathi\Downloads\medvision-clinical-ai\medvision-clinical-ai\data\demo\images\demo_0044.png,Synthetic educational example. No real patient data.,Synthetic reference: No Finding,train,0,0,0,0,0,0,0,0,0,0,0,0,0,1
C:\Users\sathi\Downloads\medvision-clinical-ai\medvision-clinical-ai\data\demo\images\demo_0045.png,Synthetic educational example. No real patient data.,"Synthetic reference: Pleural Effusion, Cardiomegaly",train,0,1,0,0,0,0,0,0,0,1,0,0,0,0
C:\Users\sathi\Downloads\medvision-clinical-ai\medvision-clinical-ai\data\demo\images\demo_0046.png,Synthetic educational example. No real patient data.,Synthetic reference: No Finding,train,0,0,0,0,0,0,0,0,0,0,0,0,0,1
C:\Users\sathi\Downloads\medvision-clinical-ai\medvision-clinical-ai\data\demo\images\demo_0047.png,Synthetic educational example. No real patient data.,Synthetic reference: No Finding,train,0,0,0,0,0,0,0,0,0,0,0,0,0,1
C:\Users\sathi\Downloads\medvision-clinical-ai\medvision-clinical-ai\data\demo\images\demo_0048.png,Synthetic educational example. No real patient data.,Synthetic reference: Pleural Effusion,val,0,0,0,0,0,0,0,0,0,1,0,0,0,0
C:\Users\sathi\Downloads\medvision-clinical-ai\medvision-clinical-ai\data\demo\images\demo_0049.png,Synthetic educational example. No real patient data.,Synthetic reference: No Finding,val,0,0,0,0,0,0,0,0,0,0,0,0,0,1
C:\Users\sathi\Downloads\medvision-clinical-ai\medvision-clinical-ai\data\demo\images\demo_0050.png,Synthetic educational example. No real patient data.,Synthetic reference: Cardiomegaly,val,0,1,0,0,0,0,0,0,0,0,0,0,0,0
C:\Users\sathi\Downloads\medvision-clinical-ai\medvision-clinical-ai\data\demo\images\demo_0051.png,Synthetic educational example. No real patient data.,Synthetic reference: Pleural Effusion,val,0,0,0,0,0,0,0,0,0,1,0,0,0,0
C:\Users\sathi\Downloads\medvision-clinical-ai\medvision-clinical-ai\data\demo\images\demo_0052.png,Synthetic educational example. No real patient data.,Synthetic reference: No Finding,val,0,0,0,0,0,0,0,0,0,0,0,0,0,1
C:\Users\sathi\Downloads\medvision-clinical-ai\medvision-clinical-ai\data\demo\images\demo_0053.png,Synthetic educational example. No real patient data.,Synthetic reference: No Finding,val,0,0,0,0,0,0,0,0,0,0,0,0,0,1
C:\Users\sathi\Downloads\medvision-clinical-ai\medvision-clinical-ai\data\demo\images\demo_0054.png,Synthetic educational example. No real patient data.,Synthetic reference: Pleural Effusion,val,0,0,0,0,0,0,0,0,0,1,0,0,0,0
C:\Users\sathi\Downloads\medvision-clinical-ai\medvision-clinical-ai\data\demo\images\demo_0055.png,Synthetic educational example. No real patient data.,Synthetic reference: Cardiomegaly,val,0,1,0,0,0,0,0,0,0,0,0,0,0,0
C:\Users\sathi\Downloads\medvision-clinical-ai\medvision-clinical-ai\data\demo\images\demo_0056.png,Synthetic educational example. No real patient data.,Synthetic reference: No Finding,test,0,0,0,0,0,0,0,0,0,0,0,0,0,1
C:\Users\sathi\Downloads\medvision-clinical-ai\medvision-clinical-ai\data\demo\images\demo_0057.png,Synthetic educational example. No real patient data.,Synthetic reference: Pleural Effusion,test,0,0,0,0,0,0,0,0,0,1,0,0,0,0
C:\Users\sathi\Downloads\medvision-clinical-ai\medvision-clinical-ai\data\demo\images\demo_0058.png,Synthetic educational example. No real patient data.,Synthetic reference: No Finding,test,0,0,0,0,0,0,0,0,0,0,0,0,0,1
C:\Users\sathi\Downloads\medvision-clinical-ai\medvision-clinical-ai\data\demo\images\demo_0059.png,Synthetic educational example. No real patient data.,Synthetic reference: No Finding,test,0,0,0,0,0,0,0,0,0,0,0,0,0,1
C:\Users\sathi\Downloads\medvision-clinical-ai\medvision-clinical-ai\data\demo\images\demo_0060.png,Synthetic educational example. No real patient data.,"Synthetic reference: Pleural Effusion, Cardiomegaly",test,0,1,0,0,0,0,0,0,0,1,0,0,0,0
C:\Users\sathi\Downloads\medvision-clinical-ai\medvision-clinical-ai\data\demo\images\demo_0061.png,Synthetic educational example. No real patient data.,Synthetic reference: No Finding,test,0,0,0,0,0,0,0,0,0,0,0,0,0,1
C:\Users\sathi\Downloads\medvision-clinical-ai\medvision-clinical-ai\data\demo\images\demo_0062.png,Synthetic educational example. No real patient data.,Synthetic reference: No Finding,test,0,0,0,0,0,0,0,0,0,0,0,0,0,1
C:\Users\sathi\Downloads\medvision-clinical-ai\medvision-clinical-ai\data\demo\images\demo_0063.png,Synthetic educational example. No real patient data.,Synthetic reference: Pleural Effusion,test,0,0,0,0,0,0,0,0,0,1,0,0,0,0
